{"cameraMode":{"drawMode":0,"name":"Shaded","section":"Shading Mode"},"sceneLighting":true,"audioPlay":false,"sceneViewState":{"showFog":true,"showMaterialUpdate":false,"showSkybox":true,"showFlares":true,"showImageEffects":true,"showParticleSystems":true},"in2DMode":false,"pivot":{"x":-70.41249084472656,"y":-75.65850830078125,"z":42.549102783203128},"rotation":{"x":-0.5175616145133972,"y":-0.09532845765352249,"z":0.058159466832876208,"w":-0.8483282923698425},"size":156.21702575683595,"orthographic":false}